id,type,name,status,description,epic,duration,time
1,TASK,Уборка всей комнаты,NEW,Сделать уборку всех комнат,,102025-03-10 20:22
2,TASK,Написание,NEW,Написать книгу,,152025-03-10 20:37
3,EPIC,Чтение,DONE,Книги 2,3,302025-03-10 20:52
4,SUBTASK,Чтение первой книги,DONE,Книга 1,3,152025-03-10 20:52
5,SUBTASK,Чтение второй книги,DONE,Книга 2,3,152025-03-10 21:07
6,EPIC,Бег,IN_PROGRESS,Круг,6,152025-03-10 21:22
7,SUBTASK,Медленный бег,IN_PROGRESS,Круг 1,6,152025-03-10 21:22
8,EPIC,Чтение,DONE,Книги 2,8,152025-03-09 21:05
9,SUBTASK,Чтение первой книги,DONE,Книга 1,8,152025-03-09 21:05
